{
  "tool": "librosa 0.11.0",
  "sample_rate": 44100,
  "duration_seconds": 239.8,
  "tempo_bpm": 136.0,
  "detected_key": "D",
  "chroma_profile": {
    "C": 0.42320001125335693,
    "C#": 0.4255000054836273,
    "D": 0.6779999732971191,
    "D#": 0.3603000044822693,
    "E": 0.48489999771118164,
    "F": 0.4717999994754791,
    "F#": 0.4851999878883362,
    "G": 0.5688999891281128,
    "G#": 0.4171999990940094,
    "A": 0.49720001220703125,
    "A#": 0.42590001225471497,
    "B": 0.364300012588501
  },
  "energy": {
    "rms_mean": 0.24570199847221375,
    "rms_max": 0.7425680160522461,
    "rms_min": 0.001382000045850873,
    "peak_db": -0.009999999776482582,
    "rms_db": -12.19,
    "dynamic_range_db": 12.18
  },
  "spectral": {
    "centroid_mean_hz": 3073.24,
    "bandwidth_mean_hz": 3627.25,
    "rolloff_mean_hz": 6771.02,
    "zero_crossing_rate_mean": 0.055645
  },
  "mfcc_means": [
    -114.75170135498047,
    119.03009796142578,
    -17.695899963378906,
    39.60200119018555,
    -3.7298998832702637,
    28.53569984436035,
    -6.7434000968933105,
    15.375800132751465,
    2.2499001026153564,
    2.865299940109253,
    1.9464000463485718,
    6.851200103759766,
    3.201200008392334
  ],
  "onset_count": 1169,
  "segment_boundaries_seconds": [
    0.0,
    64.33,
    178.79,
    196.42,
    207.09,
    231.99
  ],
  "onset_density_per_second": 4.87
}